<BackupInst xmlns="http://www.microsoft.com/GroupPolicy/GPOOperations/Manifest"><GPOGuid><![CDATA[{4C3E5858-8BA4-4C8D-84EB-788AA15B11DF}]]></GPOGuid><GPODomain><![CDATA[enterprise.uss]]></GPODomain><GPODomainGuid><![CDATA[{ab262709-bb4e-44ee-a293-737a02e445ff}]]></GPODomainGuid><GPODomainController><![CDATA[dc1.enterprise.uss]]></GPODomainController><BackupTime><![CDATA[2022-03-11T16:27:13]]></BackupTime><ID><![CDATA[{833A21AC-75A2-4DB2-A9E1-A401A9CFA642}]]></ID><Comment><![CDATA[Alle GPOer for prosjektet]]></Comment><GPODisplayName><![CDATA[Computer Restrictions]]></GPODisplayName></BackupInst>
