<BackupInst xmlns="http://www.microsoft.com/GroupPolicy/GPOOperations/Manifest"><GPOGuid><![CDATA[{B70F93FB-B949-4910-B23A-82A9D6DCAD36}]]></GPOGuid><GPODomain><![CDATA[enterprise.uss]]></GPODomain><GPODomainGuid><![CDATA[{ab262709-bb4e-44ee-a293-737a02e445ff}]]></GPODomainGuid><GPODomainController><![CDATA[dc1.enterprise.uss]]></GPODomainController><BackupTime><![CDATA[2022-03-11T16:27:14]]></BackupTime><ID><![CDATA[{62FAA121-C4F7-4629-BC14-F4B5D5309A2F}]]></ID><Comment><![CDATA[Alle GPOer for prosjektet]]></Comment><GPODisplayName><![CDATA[MSFT Internet Explorer 11 - User]]></GPODisplayName></BackupInst>
