<Backups xmlns="http://www.microsoft.com/GroupPolicy/GPOOperations/Manifest" xmlns:mfst="http://www.microsoft.com/GroupPolicy/GPOOperations/Manifest" mfst:version="1.0"><BackupInst><GPOGuid><![CDATA[{14C4F42E-3DB2-49E3-A7B2-838F3DFDF020}]]></GPOGuid><GPODomain><![CDATA[enterprise.uss]]></GPODomain><GPODomainGuid><![CDATA[{ab262709-bb4e-44ee-a293-737a02e445ff}]]></GPODomainGuid><GPODomainController><![CDATA[dc1.enterprise.uss]]></GPODomainController><BackupTime><![CDATA[2022-03-11T16:27:15]]></BackupTime><ID><![CDATA[{A21B27A7-55A8-4DDB-B7D2-ED27881C76D4}]]></ID><Comment><![CDATA[Alle GPOer for prosjektet]]></Comment><GPODisplayName><![CDATA[User Restrictions]]></GPODisplayName></BackupInst><BackupInst><GPOGuid><![CDATA[{775BE750-A525-4A09-BE67-4D42AAA099BE}]]></GPOGuid><GPODomain><![CDATA[enterprise.uss]]></GPODomain><GPODomainGuid><![CDATA[{ab262709-bb4e-44ee-a293-737a02e445ff}]]></GPODomainGuid><GPODomainController><![CDATA[dc1.enterprise.uss]]></GPODomainController><BackupTime><![CDATA[2022-03-11T16:27:15]]></BackupTime><ID><![CDATA[{2DD7DCEB-83C6-4E1D-AA4F-356B55509A34}]]></ID><Comment><![CDATA[Alle GPOer for prosjektet]]></Comment><GPODisplayName><![CDATA[MSFT Windows Server 2022 - Member Server Credential Guard]]></GPODisplayName></BackupInst><BackupInst><GPOGuid><![CDATA[{22655020-179C-4845-8B07-CC049F5AD659}]]></GPOGuid><GPODomain><![CDATA[enterprise.uss]]></GPODomain><GPODomainGuid><![CDATA[{ab262709-bb4e-44ee-a293-737a02e445ff}]]></GPODomainGuid><GPODomainController><![CDATA[dc1.enterprise.uss]]></GPODomainController><BackupTime><![CDATA[2022-03-11T16:27:15]]></BackupTime><ID><![CDATA[{5E6B597B-0E73-4E09-BA09-3CC5126D8C32}]]></ID><Comment><![CDATA[Alle GPOer for prosjektet]]></Comment><GPODisplayName><![CDATA[MSFT Windows Server 2022 - Member Server]]></GPODisplayName></BackupInst><BackupInst><GPOGuid><![CDATA[{8FBA1927-DF0F-4282-AA42-182E6463BB16}]]></GPOGuid><GPODomain><![CDATA[enterprise.uss]]></GPODomain><GPODomainGuid><![CDATA[{ab262709-bb4e-44ee-a293-737a02e445ff}]]></GPODomainGuid><GPODomainController><![CDATA[dc1.enterprise.uss]]></GPODomainController><BackupTime><![CDATA[2022-03-11T16:27:15]]></BackupTime><ID><![CDATA[{64044C57-7B3E-44A7-A240-E31A789213F8}]]></ID><Comment><![CDATA[Alle GPOer for prosjektet]]></Comment><GPODisplayName><![CDATA[MSFT Windows Server 2022 - Domain Security]]></GPODisplayName></BackupInst><BackupInst><GPOGuid><![CDATA[{03AD36C6-933B-49FB-8441-4D44429C57DC}]]></GPOGuid><GPODomain><![CDATA[enterprise.uss]]></GPODomain><GPODomainGuid><![CDATA[{ab262709-bb4e-44ee-a293-737a02e445ff}]]></GPODomainGuid><GPODomainController><![CDATA[dc1.enterprise.uss]]></GPODomainController><BackupTime><![CDATA[2022-03-11T16:27:15]]></BackupTime><ID><![CDATA[{33BE4867-7226-49F7-A5DA-51149DBEBA62}]]></ID><Comment><![CDATA[Alle GPOer for prosjektet]]></Comment><GPODisplayName><![CDATA[MSFT Windows Server 2022 - Domain Controller Virtualization Based Security]]></GPODisplayName></BackupInst><BackupInst><GPOGuid><![CDATA[{564CA164-6BF7-4338-98AC-5E4E1CAB8945}]]></GPOGuid><GPODomain><![CDATA[enterprise.uss]]></GPODomain><GPODomainGuid><![CDATA[{ab262709-bb4e-44ee-a293-737a02e445ff}]]></GPODomainGuid><GPODomainController><![CDATA[dc1.enterprise.uss]]></GPODomainController><BackupTime><![CDATA[2022-03-11T16:27:14]]></BackupTime><ID><![CDATA[{B6305EA4-9068-455C-957A-6E03AFE98ED4}]]></ID><Comment><![CDATA[Alle GPOer for prosjektet]]></Comment><GPODisplayName><![CDATA[MSFT Windows Server 2022 - Domain Controller]]></GPODisplayName></BackupInst><BackupInst><GPOGuid><![CDATA[{B1238D3B-E286-4334-A6AF-36BE5F1AB1E4}]]></GPOGuid><GPODomain><![CDATA[enterprise.uss]]></GPODomain><GPODomainGuid><![CDATA[{ab262709-bb4e-44ee-a293-737a02e445ff}]]></GPODomainGuid><GPODomainController><![CDATA[dc1.enterprise.uss]]></GPODomainController><BackupTime><![CDATA[2022-03-11T16:27:14]]></BackupTime><ID><![CDATA[{8C2FCFCB-3D79-4F80-ACD4-8AFED475DF10}]]></ID><Comment><![CDATA[Alle GPOer for prosjektet]]></Comment><GPODisplayName><![CDATA[MSFT Windows Server 2022 - Defender Antivirus]]></GPODisplayName></BackupInst><BackupInst><GPOGuid><![CDATA[{B70F93FB-B949-4910-B23A-82A9D6DCAD36}]]></GPOGuid><GPODomain><![CDATA[enterprise.uss]]></GPODomain><GPODomainGuid><![CDATA[{ab262709-bb4e-44ee-a293-737a02e445ff}]]></GPODomainGuid><GPODomainController><![CDATA[dc1.enterprise.uss]]></GPODomainController><BackupTime><![CDATA[2022-03-11T16:27:14]]></BackupTime><ID><![CDATA[{62FAA121-C4F7-4629-BC14-F4B5D5309A2F}]]></ID><Comment><![CDATA[Alle GPOer for prosjektet]]></Comment><GPODisplayName><![CDATA[MSFT Internet Explorer 11 - User]]></GPODisplayName></BackupInst><BackupInst><GPOGuid><![CDATA[{7A43B2BA-AFDF-425A-9331-F3E34646E0FB}]]></GPOGuid><GPODomain><![CDATA[enterprise.uss]]></GPODomain><GPODomainGuid><![CDATA[{ab262709-bb4e-44ee-a293-737a02e445ff}]]></GPODomainGuid><GPODomainController><![CDATA[dc1.enterprise.uss]]></GPODomainController><BackupTime><![CDATA[2022-03-11T16:27:13]]></BackupTime><ID><![CDATA[{30BE6389-C4DE-4318-8FA6-689E187D3A7C}]]></ID><Comment><![CDATA[Alle GPOer for prosjektet]]></Comment><GPODisplayName><![CDATA[MSFT Internet Explorer 11 - Computer]]></GPODisplayName></BackupInst><BackupInst><GPOGuid><![CDATA[{4289A9B9-C245-4793-84BF-E673B4D87EF8}]]></GPOGuid><GPODomain><![CDATA[enterprise.uss]]></GPODomain><GPODomainGuid><![CDATA[{ab262709-bb4e-44ee-a293-737a02e445ff}]]></GPODomainGuid><GPODomainController><![CDATA[dc1.enterprise.uss]]></GPODomainController><BackupTime><![CDATA[2022-03-11T16:27:13]]></BackupTime><ID><![CDATA[{24A7897F-C166-4AFF-9865-D0FE896815E1}]]></ID><Comment><![CDATA[Alle GPOer for prosjektet]]></Comment><GPODisplayName><![CDATA[Machine Audit]]></GPODisplayName></BackupInst><BackupInst><GPOGuid><![CDATA[{31B2F340-016D-11D2-945F-00C04FB984F9}]]></GPOGuid><GPODomain><![CDATA[enterprise.uss]]></GPODomain><GPODomainGuid><![CDATA[{ab262709-bb4e-44ee-a293-737a02e445ff}]]></GPODomainGuid><GPODomainController><![CDATA[dc1.enterprise.uss]]></GPODomainController><BackupTime><![CDATA[2022-03-11T16:27:13]]></BackupTime><ID><![CDATA[{4E29DEB5-0EAF-426A-9EED-B7906AAFC331}]]></ID><Comment><![CDATA[Alle GPOer for prosjektet]]></Comment><GPODisplayName><![CDATA[Default Domain Policy]]></GPODisplayName></BackupInst><BackupInst><GPOGuid><![CDATA[{6AC1786C-016F-11D2-945F-00C04fB984F9}]]></GPOGuid><GPODomain><![CDATA[enterprise.uss]]></GPODomain><GPODomainGuid><![CDATA[{ab262709-bb4e-44ee-a293-737a02e445ff}]]></GPODomainGuid><GPODomainController><![CDATA[dc1.enterprise.uss]]></GPODomainController><BackupTime><![CDATA[2022-03-11T16:27:13]]></BackupTime><ID><![CDATA[{2AB91D1A-26AB-4246-A477-1CAC3C20D648}]]></ID><Comment><![CDATA[Alle GPOer for prosjektet]]></Comment><GPODisplayName><![CDATA[Default Domain Controllers Policy]]></GPODisplayName></BackupInst><BackupInst><GPOGuid><![CDATA[{4C3E5858-8BA4-4C8D-84EB-788AA15B11DF}]]></GPOGuid><GPODomain><![CDATA[enterprise.uss]]></GPODomain><GPODomainGuid><![CDATA[{ab262709-bb4e-44ee-a293-737a02e445ff}]]></GPODomainGuid><GPODomainController><![CDATA[dc1.enterprise.uss]]></GPODomainController><BackupTime><![CDATA[2022-03-11T16:27:13]]></BackupTime><ID><![CDATA[{833A21AC-75A2-4DB2-A9E1-A401A9CFA642}]]></ID><Comment><![CDATA[Alle GPOer for prosjektet]]></Comment><GPODisplayName><![CDATA[Computer Restrictions]]></GPODisplayName></BackupInst><BackupInst><GPOGuid><![CDATA[{2482A7BB-63D7-4098-A4B8-BCBE99A8AD0C}]]></GPOGuid><GPODomain><![CDATA[enterprise.uss]]></GPODomain><GPODomainGuid><![CDATA[{ab262709-bb4e-44ee-a293-737a02e445ff}]]></GPODomainGuid><GPODomainController><![CDATA[dc1.enterprise.uss]]></GPODomainController><BackupTime><![CDATA[2022-03-11T16:27:08]]></BackupTime><ID><![CDATA[{587933CA-4B5F-4211-AC51-DB81CA185D33}]]></ID><Comment><![CDATA[Alle GPOer for prosjektet]]></Comment><GPODisplayName><![CDATA[Admin Privileges]]></GPODisplayName></BackupInst></Backups>