<BackupInst xmlns="http://www.microsoft.com/GroupPolicy/GPOOperations/Manifest"><GPOGuid><![CDATA[{8FBA1927-DF0F-4282-AA42-182E6463BB16}]]></GPOGuid><GPODomain><![CDATA[enterprise.uss]]></GPODomain><GPODomainGuid><![CDATA[{ab262709-bb4e-44ee-a293-737a02e445ff}]]></GPODomainGuid><GPODomainController><![CDATA[dc1.enterprise.uss]]></GPODomainController><BackupTime><![CDATA[2022-03-11T16:27:15]]></BackupTime><ID><![CDATA[{64044C57-7B3E-44A7-A240-E31A789213F8}]]></ID><Comment><![CDATA[Alle GPOer for prosjektet]]></Comment><GPODisplayName><![CDATA[MSFT Windows Server 2022 - Domain Security]]></GPODisplayName></BackupInst>
