<BackupInst xmlns="http://www.microsoft.com/GroupPolicy/GPOOperations/Manifest"><GPOGuid><![CDATA[{03AD36C6-933B-49FB-8441-4D44429C57DC}]]></GPOGuid><GPODomain><![CDATA[enterprise.uss]]></GPODomain><GPODomainGuid><![CDATA[{ab262709-bb4e-44ee-a293-737a02e445ff}]]></GPODomainGuid><GPODomainController><![CDATA[dc1.enterprise.uss]]></GPODomainController><BackupTime><![CDATA[2022-03-11T16:27:15]]></BackupTime><ID><![CDATA[{33BE4867-7226-49F7-A5DA-51149DBEBA62}]]></ID><Comment><![CDATA[Alle GPOer for prosjektet]]></Comment><GPODisplayName><![CDATA[MSFT Windows Server 2022 - Domain Controller Virtualization Based Security]]></GPODisplayName></BackupInst>
