<BackupInst xmlns="http://www.microsoft.com/GroupPolicy/GPOOperations/Manifest"><GPOGuid><![CDATA[{B70F93FB-B949-4910-B23A-82A9D6DCAD36}]]></GPOGuid><GPODomain><![CDATA[enterprise.uss]]></GPODomain><GPODomainGuid><![CDATA[{ab262709-bb4e-44ee-a293-737a02e445ff}]]></GPODomainGuid><GPODomainController><![CDATA[dc1.enterprise.uss]]></GPODomainController><BackupTime><![CDATA[2022-03-14T15:54:36]]></BackupTime><ID><![CDATA[{C882E9BE-6C4A-4A76-BEB6-BD53E2EE8EBF}]]></ID><Comment><![CDATA[Template for enterprise.uss]]></Comment><GPODisplayName><![CDATA[MSFT Internet Explorer 11 - User]]></GPODisplayName></BackupInst>
